X,CH1,CH2,Start,Increment,
Sequence,Volt,Volt,-6.000300e-04,1.000000e-06
0,-5.00e-01,-8.00e-03,
1,-4.60e-01,0.00e+00,
2,-5.00e-01,0.00e+00,
3,-4.60e-01,-8.00e-03,
4,-5.00e-01,-8.00e-03,
5,-4.60e-01,0.00e+00,
6,-5.00e-01,-8.00e-03,
7,-4.60e-01,2.00e-03,
8,-5.00e-01,-8.00e-03,
9,-4.60e-01,0.00e+00,
10,-5.00e-01,-8.00e-03,
11,-4.60e-01,2.00e-03,
12,-5.00e-01,2.00e-03,
13,-4.60e-01,-8.00e-03,
14,-5.00e-01,-6.00e-03,
15,-4.60e-01,2.00e-03,
16,-5.00e-01,2.00e-03,
17,-4.60e-01,-8.00e-03,
18,-5.00e-01,-6.00e-03,
19,-4.60e-01,4.00e-03,
20,-5.00e-01,-6.00e-03,
21,-4.60e-01,4.00e-03,
22,-5.00e-01,-6.00e-03,
23,-4.60e-01,4.00e-03,
24,-4.60e-01,-6.00e-03,
25,-5.00e-01,4.00e-03,
26,-5.00e-01,-6.00e-03,
27,-4.60e-01,4.00e-03,
28,-5.00e-01,-4.00e-03,
29,-4.60e-01,4.00e-03,
30,-5.00e-01,4.00e-03,
31,-4.60e-01,-6.00e-03,
32,-4.60e-01,4.00e-03,
33,-5.00e-01,-6.00e-03,
34,-5.00e-01,4.00e-03,
35,-4.60e-01,-6.00e-03,
36,-4.60e-01,4.00e-03,
37,-5.00e-01,-4.00e-03,
38,-5.00e-01,-6.00e-03,
39,-4.60e-01,4.00e-03,
40,-5.00e-01,4.00e-03,
41,-4.60e-01,-4.00e-03,
42,-5.00e-01,-4.00e-03,
43,-4.60e-01,4.00e-03,
44,-5.00e-01,4.00e-03,
45,-4.60e-01,-6.00e-03,
46,-4.60e-01,4.00e-03,
47,-5.00e-01,-6.00e-03,
48,-5.00e-01,-4.00e-03,
49,-4.60e-01,4.00e-03,
50,-5.00e-01,4.00e-03,
51,-4.60e-01,-4.00e-03,
52,-5.00e-01,-6.00e-03,
53,-4.60e-01,4.00e-03,
54,-5.00e-01,2.00e-03,
55,-4.60e-01,-6.00e-03,
56,-5.00e-01,-6.00e-03,
57,-4.60e-01,4.00e-03,
58,-5.00e-01,-6.00e-03,
59,-4.60e-01,4.00e-03,
60,-5.00e-01,2.00e-03,
61,-4.60e-01,-6.00e-03,
62,-4.60e-01,-6.00e-03,
63,-5.00e-01,4.00e-03,
64,-5.00e-01,2.00e-03,
65,-4.60e-01,-6.00e-03,
66,-4.60e-01,-6.00e-03,
67,-5.00e-01,2.00e-03,
68,-4.60e-01,2.00e-03,
69,-5.00e-01,-6.00e-03,
70,-5.00e-01,-6.00e-03,
71,-4.60e-01,2.00e-03,
72,-5.00e-01,2.00e-03,
73,-4.60e-01,-8.00e-03,
74,-5.00e-01,-6.00e-03,
75,-4.60e-01,4.00e-03,
76,-4.60e-01,-6.00e-03,
77,-5.00e-01,4.00e-03,
78,-5.00e-01,2.00e-03,
79,-4.60e-01,-6.00e-03,
80,-4.60e-01,-6.00e-03,
81,-5.00e-01,4.00e-03,
82,-4.60e-01,-6.00e-03,
83,-5.00e-01,4.00e-03,
84,-5.00e-01,4.00e-03,
85,-4.60e-01,-6.00e-03,
86,-5.00e-01,4.00e-03,
87,-4.60e-01,-8.00e-03,
88,-5.00e-01,-6.00e-03,
89,-4.60e-01,4.00e-03,
90,-5.00e-01,4.00e-03,
91,-4.60e-01,-6.00e-03,
92,-4.60e-01,-6.00e-03,
93,-5.00e-01,4.00e-03,
94,-5.00e-01,4.00e-03,
95,-4.60e-01,-6.00e-03,
96,-5.00e-01,-6.00e-03,
97,5.20e-01,2.80e-02,
98,4.80e-01,4.00e-03,
99,4.40e-01,2.40e-02,
100,4.60e-01,1.80e-02,
101,5.00e-01,4.00e-02,
102,4.60e-01,3.20e-02,
103,5.00e-01,5.00e-02,
104,4.60e-01,4.40e-02,
105,5.00e-01,5.80e-02,
106,4.60e-01,5.20e-02,
107,5.00e-01,6.60e-02,
108,4.60e-01,5.80e-02,
109,5.00e-01,7.00e-02,
110,4.60e-01,6.40e-02,
111,5.00e-01,7.40e-02,
112,4.60e-01,6.40e-02,
113,5.00e-01,7.40e-02,
114,4.60e-01,7.20e-02,
115,5.00e-01,6.40e-02,
116,4.60e-01,7.00e-02,
117,5.00e-01,5.80e-02,
118,5.00e-01,6.60e-02,
119,4.60e-01,5.40e-02,
120,4.60e-01,6.00e-02,
121,5.00e-01,4.60e-02,
122,4.60e-01,5.40e-02,
123,5.00e-01,3.80e-02,
124,4.60e-01,4.60e-02,
125,5.00e-01,3.00e-02,
126,4.60e-01,3.80e-02,
127,5.00e-01,2.20e-02,
128,4.60e-01,2.80e-02,
129,5.00e-01,1.40e-02,
130,4.60e-01,2.00e-02,
131,5.00e-01,6.00e-03,
132,4.80e-01,1.00e-02,
133,4.60e-01,-2.00e-03,
134,4.60e-01,4.00e-03,
135,4.80e-01,-8.00e-03,
136,4.60e-01,0.00e+00,
137,5.00e-01,-1.60e-02,
138,4.80e-01,-6.00e-03,
139,4.60e-01,-2.20e-02,
140,4.60e-01,-1.40e-02,
141,5.00e-01,-2.40e-02,
142,4.60e-01,-1.60e-02,
143,5.00e-01,-2.60e-02,
144,4.60e-01,-2.00e-02,
145,4.80e-01,-2.80e-02,
146,4.60e-01,-2.00e-02,
147,5.00e-01,-3.00e-02,
148,4.60e-01,-2.80e-02,
149,4.80e-01,-2.00e-02,
150,4.80e-01,-2.00e-02,
151,4.40e-01,-3.00e-02,
152,4.60e-01,-2.80e-02,
153,5.00e-01,-1.80e-02,
154,4.60e-01,-2.40e-02,
155,5.00e-01,-1.40e-02,
156,4.60e-01,-2.20e-02,
157,5.00e-01,-1.20e-02,
158,4.80e-01,-1.80e-02,
159,4.40e-01,-8.00e-03,
160,4.60e-01,-1.60e-02,
161,5.00e-01,-4.00e-03,
162,4.60e-01,-1.00e-02,
163,4.80e-01,0.00e+00,
164,4.60e-01,-6.00e-03,
165,5.00e-01,4.00e-03,
166,4.60e-01,-4.00e-03,
167,5.00e-01,6.00e-03,
168,4.60e-01,-2.00e-03,
169,5.00e-01,1.00e-02,
170,5.00e-01,2.00e-03,
171,4.40e-01,1.20e-02,
172,4.60e-01,6.00e-03,
173,4.80e-01,1.40e-02,
174,4.60e-01,6.00e-03,
175,4.80e-01,1.80e-02,
176,4.60e-01,1.00e-02,
177,4.80e-01,2.00e-02,
178,4.60e-01,2.00e-02,
179,5.00e-01,1.00e-02,
180,4.60e-01,2.00e-02,
181,5.00e-01,1.00e-02,
182,4.60e-01,2.00e-02,
183,5.00e-01,1.00e-02,
184,4.60e-01,1.80e-02,
185,5.00e-01,8.00e-03,
186,4.80e-01,2.00e-02,
187,4.60e-01,8.00e-03,
188,4.60e-01,1.60e-02,
189,4.80e-01,6.00e-03,
190,4.60e-01,1.60e-02,
191,4.80e-01,6.00e-03,
192,4.60e-01,1.40e-02,
193,4.80e-01,4.00e-03,
194,4.80e-01,1.20e-02,
195,4.40e-01,2.00e-03,
196,4.60e-01,1.00e-02,
197,5.00e-01,0.00e+00,
198,4.60e-01,8.00e-03,
199,5.00e-01,0.00e+00,
200,5.00e-01,6.00e-03,
201,4.40e-01,-4.00e-03,
202,4.60e-01,-4.00e-03,
203,4.80e-01,6.00e-03,
204,4.60e-01,4.00e-03,
205,4.80e-01,-6.00e-03,
206,4.60e-01,2.00e-03,
207,5.00e-01,-6.00e-03,
208,4.60e-01,-6.00e-03,
209,4.80e-01,2.00e-03,
210,4.60e-01,2.00e-03,
211,5.00e-01,-8.00e-03,
212,4.60e-01,-8.00e-03,
213,4.80e-01,2.00e-03,
214,4.80e-01,0.00e+00,
215,4.60e-01,-8.00e-03,
216,4.80e-01,-8.00e-03,
217,4.40e-01,2.00e-03,
218,4.80e-01,-8.00e-03,
219,4.60e-01,2.00e-03,
220,4.80e-01,-8.00e-03,
221,4.60e-01,2.00e-03,
222,4.60e-01,-6.00e-03,
223,4.80e-01,2.00e-03,
224,4.80e-01,-8.00e-03,
225,4.60e-01,2.00e-03,
226,4.80e-01,-6.00e-03,
227,4.60e-01,4.00e-03,
228,4.60e-01,-4.00e-03,
229,4.80e-01,4.00e-03,
230,4.80e-01,4.00e-03,
231,4.40e-01,-4.00e-03,
232,4.60e-01,-4.00e-03,
233,4.80e-01,6.00e-03,
234,4.60e-01,6.00e-03,
235,4.80e-01,-2.00e-03,
236,5.00e-01,6.00e-03,
237,4.40e-01,-2.00e-03,
238,5.00e-01,-4.00e-03,
239,4.40e-01,1.00e-02,
240,4.80e-01,8.00e-03,
241,4.60e-01,-2.00e-03,
242,4.60e-01,0.00e+00,
243,4.80e-01,8.00e-03,
244,4.60e-01,8.00e-03,
245,4.80e-01,-2.00e-03,
246,4.60e-01,0.00e+00,
247,5.00e-01,8.00e-03,
248,4.60e-01,8.00e-03,
249,5.00e-01,0.00e+00,
250,4.60e-01,0.00e+00,
251,4.80e-01,1.00e-02,
252,4.60e-01,0.00e+00,
253,5.00e-01,8.00e-03,
254,4.60e-01,1.00e-02,
255,4.80e-01,0.00e+00,
256,5.00e-01,8.00e-03,
257,4.40e-01,0.00e+00,
258,4.80e-01,0.00e+00,
259,4.60e-01,8.00e-03,
260,4.80e-01,8.00e-03,
261,4.60e-01,-2.00e-03,
262,5.00e-01,-2.00e-03,
263,4.40e-01,8.00e-03,
264,4.60e-01,6.00e-03,
265,4.80e-01,-2.00e-03,
266,5.00e-01,6.00e-03,
267,4.40e-01,-2.00e-03,
268,4.80e-01,6.00e-03,
269,4.60e-01,-4.00e-03,
270,5.00e-01,6.00e-03,
271,4.40e-01,-4.00e-03,
272,4.80e-01,-4.00e-03,
273,4.40e-01,6.00e-03,
274,4.80e-01,6.00e-03,
275,4.40e-01,-6.00e-03,
276,5.00e-01,6.00e-03,
277,4.40e-01,-4.00e-03,
278,5.00e-01,6.00e-03,
279,4.40e-01,-4.00e-03,
280,4.80e-01,6.00e-03,
281,4.40e-01,-4.00e-03,
282,4.60e-01,-4.00e-03,
283,4.80e-01,6.00e-03,
284,4.60e-01,-4.00e-03,
285,4.80e-01,6.00e-03,
286,4.80e-01,-4.00e-03,
287,4.40e-01,6.00e-03,
288,4.60e-01,-4.00e-03,
289,5.00e-01,6.00e-03,
290,4.80e-01,-4.00e-03,
291,4.40e-01,6.00e-03,
292,4.80e-01,6.00e-03,
293,4.40e-01,-4.00e-03,
294,4.60e-01,6.00e-03,
295,4.80e-01,-4.00e-03,
296,4.40e-01,6.00e-03,
297,4.80e-01,-4.00e-03,
298,4.60e-01,6.00e-03,
299,4.80e-01,-4.00e-03,
300,4.80e-01,6.00e-03,
301,4.40e-01,-4.00e-03,
302,4.80e-01,-2.00e-03,
303,4.40e-01,6.00e-03,
304,4.80e-01,6.00e-03,
305,4.40e-01,-2.00e-03,
306,4.80e-01,6.00e-03,
307,4.40e-01,-2.00e-03,
308,4.60e-01,6.00e-03,
309,4.80e-01,-2.00e-03,
310,4.80e-01,6.00e-03,
311,4.40e-01,-2.00e-03,
312,4.80e-01,-2.00e-03,
313,4.40e-01,8.00e-03,
314,4.80e-01,-2.00e-03,
315,4.40e-01,6.00e-03,
316,4.80e-01,-4.00e-03,
317,4.40e-01,8.00e-03,
318,4.60e-01,6.00e-03,
319,4.80e-01,-2.00e-03,
320,4.80e-01,6.00e-03,
321,4.40e-01,-2.00e-03,
322,4.60e-01,-2.00e-03,
323,4.80e-01,8.00e-03,
324,4.80e-01,-2.00e-03,
325,4.40e-01,8.00e-03,
326,4.80e-01,-2.00e-03,
327,4.40e-01,8.00e-03,
328,4.80e-01,6.00e-03,
329,4.40e-01,-2.00e-03,
330,4.80e-01,-2.00e-03,
331,4.40e-01,6.00e-03,
332,4.80e-01,-2.00e-03,
333,4.40e-01,8.00e-03,
334,4.60e-01,6.00e-03,
335,4.80e-01,-2.00e-03,
336,4.80e-01,6.00e-03,
337,4.40e-01,-2.00e-03,
338,5.00e-01,6.00e-03,
339,4.40e-01,-2.00e-03,
340,4.80e-01,6.00e-03,
341,4.40e-01,-4.00e-03,
342,4.60e-01,-2.00e-03,
343,4.80e-01,6.00e-03,
344,5.00e-01,6.00e-03,
345,4.40e-01,-4.00e-03,
346,4.80e-01,6.00e-03,
347,-5.40e-01,-2.80e-02,
348,-4.60e-01,-2.00e-03,
349,-5.00e-01,-2.40e-02,
350,-5.00e-01,-1.80e-02,
351,-4.60e-01,-3.60e-02,
352,-5.00e-01,-3.00e-02,
353,-4.60e-01,-4.80e-02,
354,-4.60e-01,-4.20e-02,
355,-5.20e-01,-5.80e-02,
356,-4.80e-01,-5.20e-02,
357,-5.20e-01,-6.60e-02,
358,-4.80e-01,-6.00e-02,
359,-5.20e-01,-7.00e-02,
360,-4.80e-01,-6.40e-02,
361,-5.20e-01,-7.20e-02,
362,-4.80e-01,-7.20e-02,
363,-5.00e-01,-6.40e-02,
364,-4.80e-01,-7.20e-02,
365,-5.20e-01,-6.20e-02,
366,-4.80e-01,-7.00e-02,
367,-5.20e-01,-6.00e-02,
368,-5.00e-01,-6.60e-02,
369,-4.80e-01,-5.40e-02,
370,-4.80e-01,-5.80e-02,
371,-5.20e-01,-4.60e-02,
372,-4.60e-01,-5.40e-02,
373,-5.20e-01,-4.00e-02,
374,-5.00e-01,-4.40e-02,
375,-4.80e-01,-3.00e-02,
376,-4.80e-01,-3.80e-02,
377,-5.40e-01,-2.20e-02,
378,-4.80e-01,-2.80e-02,
379,-5.20e-01,-1.40e-02,
380,-4.80e-01,-2.00e-02,
381,-5.20e-01,-6.00e-03,
382,-4.60e-01,-1.00e-02,
383,-5.20e-01,2.00e-03,
384,-4.60e-01,-4.00e-03,
385,-5.20e-01,1.00e-02,
386,-4.60e-01,2.00e-03,
387,-5.20e-01,1.60e-02,
388,-5.00e-01,6.00e-03,
389,-4.80e-01,2.00e-02,
390,-4.80e-01,1.20e-02,
391,-5.20e-01,2.40e-02,
392,-5.00e-01,1.80e-02,
393,-4.60e-01,2.80e-02,
394,-4.80e-01,2.00e-02,
395,-5.20e-01,3.00e-02,
396,-4.80e-01,2.20e-02,
397,-5.40e-01,3.00e-02,
398,-5.00e-01,3.00e-02,
399,-4.60e-01,2.00e-02,
400,-5.00e-01,2.80e-02,
401,-4.60e-01,1.80e-02,
402,-5.00e-01,2.80e-02,
403,-4.80e-01,1.80e-02,
404,-5.00e-01,2.60e-02,
405,-4.60e-01,1.40e-02,
406,-5.00e-01,2.20e-02,
407,-4.80e-01,1.00e-02,
408,-4.60e-01,1.80e-02,
409,-5.20e-01,6.00e-03,
410,-5.00e-01,1.40e-02,
411,-4.80e-01,4.00e-03,
412,-4.60e-01,1.00e-02,
413,-5.20e-01,0.00e+00,
414,-5.00e-01,6.00e-03,
415,-4.80e-01,-4.00e-03,
416,-5.20e-01,4.00e-03,
417,-4.80e-01,-8.00e-03,
418,-4.60e-01,0.00e+00,
419,-5.20e-01,-1.00e-02,
420,-5.00e-01,-4.00e-03,
421,-4.80e-01,-1.40e-02,
422,-5.00e-01,-6.00e-03,
423,-4.80e-01,-1.60e-02,
424,-4.80e-01,-8.00e-03,
425,-5.20e-01,-1.80e-02,
426,-4.60e-01,-1.00e-02,
427,-5.20e-01,-2.00e-02,
428,-5.00e-01,-2.00e-02,
429,-4.80e-01,-1.00e-02,
430,-4.80e-01,-2.00e-02,
431,-5.20e-01,-1.00e-02,
432,-4.80e-01,-2.00e-02,
433,-5.00e-01,-1.00e-02,
434,-5.00e-01,-2.00e-02,
435,-4.80e-01,-1.00e-02,
436,-5.00e-01,-1.80e-02,
437,-4.60e-01,-8.00e-03,
438,-5.00e-01,-1.80e-02,
439,-4.60e-01,-6.00e-03,
440,-5.00e-01,-1.60e-02,
441,-4.80e-01,-6.00e-03,
442,-5.20e-01,-4.00e-03,
443,-4.80e-01,-1.40e-02,
444,-4.80e-01,-1.40e-02,
445,-5.00e-01,-2.00e-03,
446,-5.20e-01,-1.00e-02,
447,-4.60e-01,0.00e+00,
448,-4.60e-01,-8.00e-03,
449,-5.20e-01,2.00e-03,
450,-5.00e-01,-6.00e-03,
451,-4.60e-01,4.00e-03,
452,-5.00e-01,4.00e-03,
453,-4.60e-01,-6.00e-03,
454,-5.00e-01,-4.00e-03,
455,-4.80e-01,6.00e-03,
456,-5.00e-01,-2.00e-03,
457,-4.60e-01,6.00e-03,
458,-5.40e-01,8.00e-03,
459,-4.60e-01,-2.00e-03,
460,-5.00e-01,-2.00e-03,
461,-4.60e-01,8.00e-03,
462,-5.00e-01,8.00e-03,
463,-4.60e-01,0.00e+00,
464,-5.00e-01,0.00e+00,
465,-4.60e-01,8.00e-03,
466,-5.00e-01,0.00e+00,
467,-4.60e-01,8.00e-03,
468,-5.00e-01,0.00e+00,
469,-4.80e-01,8.00e-03,
470,-4.60e-01,-2.00e-03,
471,-5.20e-01,8.00e-03,
472,-4.60e-01,8.00e-03,
473,-5.20e-01,-2.00e-03,
474,-5.20e-01,6.00e-03,
475,-4.60e-01,-2.00e-03,
476,-5.00e-01,6.00e-03,
477,-4.60e-01,-4.00e-03,
478,-5.00e-01,4.00e-03,
479,-4.60e-01,-4.00e-03,
480,-5.00e-01,4.00e-03,
481,-4.60e-01,-4.00e-03,
482,-4.60e-01,4.00e-03,
483,-5.00e-01,-6.00e-03,
484,-5.00e-01,2.00e-03,
485,-4.60e-01,-6.00e-03,
486,-5.00e-01,2.00e-03,
487,-4.60e-01,-8.00e-03,
488,-5.00e-01,-8.00e-03,
489,-4.60e-01,2.00e-03,
490,-5.00e-01,-8.00e-03,
491,-4.60e-01,2.00e-03,
492,-5.00e-01,0.00e+00,
493,-4.60e-01,-8.00e-03,
494,-5.00e-01,-8.00e-03,
495,-4.60e-01,2.00e-03,
496,-5.00e-01,0.00e+00,
497,-4.60e-01,-8.00e-03,
498,-5.00e-01,0.00e+00,
499,-4.60e-01,-8.00e-03,
500,-5.00e-01,-8.00e-03,
501,-4.60e-01,0.00e+00,
502,-5.00e-01,0.00e+00,
503,-4.60e-01,-8.00e-03,
504,-5.00e-01,2.00e-03,
505,-4.60e-01,-8.00e-03,
506,-5.00e-01,-8.00e-03,
507,-4.60e-01,2.00e-03,
508,-5.00e-01,2.00e-03,
509,-4.60e-01,-8.00e-03,
510,-5.00e-01,-6.00e-03,
511,-4.60e-01,2.00e-03,
512,-5.00e-01,2.00e-03,
513,-4.60e-01,-8.00e-03,
514,-5.00e-01,2.00e-03,
515,-4.60e-01,-6.00e-03,
516,-5.00e-01,-6.00e-03,
517,-4.60e-01,2.00e-03,
518,-5.00e-01,4.00e-03,
519,-4.60e-01,-6.00e-03,
520,-5.00e-01,-6.00e-03,
521,-4.60e-01,4.00e-03,
522,-4.60e-01,-6.00e-03,
523,-5.00e-01,4.00e-03,
524,-5.00e-01,-4.00e-03,
525,-4.60e-01,4.00e-03,
526,-5.00e-01,-4.00e-03,
527,-4.60e-01,4.00e-03,
528,-5.00e-01,4.00e-03,
529,-4.60e-01,-4.00e-03,
530,-5.00e-01,4.00e-03,
531,-4.60e-01,-4.00e-03,
532,-5.00e-01,-4.00e-03,
533,-4.60e-01,4.00e-03,
534,-5.00e-01,-4.00e-03,
535,-4.60e-01,4.00e-03,
536,-5.00e-01,4.00e-03,
537,-4.60e-01,-4.00e-03,
538,-5.00e-01,4.00e-03,
539,-4.60e-01,-6.00e-03,
540,-5.00e-01,-6.00e-03,
541,-4.60e-01,4.00e-03,
542,-5.00e-01,4.00e-03,
543,-4.60e-01,-6.00e-03,
544,-5.00e-01,-6.00e-03,
545,-4.60e-01,6.00e-03,
546,-5.00e-01,-4.00e-03,
547,-4.60e-01,4.00e-03,
548,-5.00e-01,4.00e-03,
549,-4.60e-01,-6.00e-03,
550,-5.00e-01,4.00e-03,
551,-4.60e-01,-6.00e-03,
552,-5.00e-01,-6.00e-03,
553,-4.60e-01,4.00e-03,
554,-5.00e-01,-6.00e-03,
555,-4.60e-01,4.00e-03,
556,-4.60e-01,-6.00e-03,
557,-5.20e-01,4.00e-03,
558,-5.00e-01,-6.00e-03,
559,-4.60e-01,4.00e-03,
560,-5.00e-01,2.00e-03,
561,-4.60e-01,-6.00e-03,
562,-5.00e-01,-6.00e-03,
563,-4.60e-01,4.00e-03,
564,-4.60e-01,-6.00e-03,
565,-5.00e-01,4.00e-03,
566,-5.00e-01,-6.00e-03,
567,-4.60e-01,2.00e-03,
568,-4.60e-01,2.00e-03,
569,-5.00e-01,-6.00e-03,
570,-4.60e-01,-6.00e-03,
571,-5.00e-01,2.00e-03,
572,-5.00e-01,-6.00e-03,
573,-4.60e-01,2.00e-03,
574,-5.00e-01,-6.00e-03,
575,-4.60e-01,2.00e-03,
576,-5.00e-01,2.00e-03,
577,-4.60e-01,-6.00e-03,
578,-5.00e-01,-6.00e-03,
579,-4.60e-01,4.00e-03,
580,-5.00e-01,2.00e-03,
581,-4.60e-01,-6.00e-03,
582,-5.00e-01,2.00e-03,
583,-4.60e-01,-6.00e-03,
584,-5.00e-01,-6.00e-03,
585,-4.60e-01,4.00e-03,
586,-5.00e-01,-6.00e-03,
587,-4.60e-01,4.00e-03,
588,-5.00e-01,4.00e-03,
589,-4.60e-01,-6.00e-03,
590,-4.60e-01,-4.00e-03,
591,-5.00e-01,4.00e-03,
592,-5.00e-01,-6.00e-03,
593,-4.60e-01,4.00e-03,
594,-5.00e-01,4.00e-03,
595,-4.60e-01,-6.00e-03,
596,-5.00e-01,-6.00e-03,
597,5.20e-01,3.00e-02,
598,4.80e-01,6.00e-03,
599,4.60e-01,2.40e-02,
600,4.60e-01,1.80e-02,
601,4.80e-01,3.80e-02,
602,4.60e-01,3.20e-02,
603,5.00e-01,5.00e-02,
604,4.60e-01,4.20e-02,
605,5.00e-01,5.80e-02,
606,4.60e-01,5.20e-02,
607,5.00e-01,6.40e-02,
608,5.00e-01,5.80e-02,
609,4.40e-01,7.00e-02,
610,4.60e-01,6.20e-02,
611,5.00e-01,7.20e-02,
612,4.60e-01,7.40e-02,
613,5.00e-01,6.40e-02,
614,4.60e-01,7.20e-02,
615,5.00e-01,6.40e-02,
616,4.60e-01,7.00e-02,
617,5.00e-01,6.00e-02,
618,4.60e-01,6.60e-02,
619,5.00e-01,5.40e-02,
620,4.60e-01,5.80e-02,
621,5.00e-01,4.60e-02,
622,4.60e-01,5.40e-02,
623,5.00e-01,4.00e-02,
624,4.60e-01,4.60e-02,
625,5.00e-01,3.00e-02,
626,4.60e-01,3.60e-02,
627,5.00e-01,2.20e-02,
628,4.60e-01,3.00e-02,
629,5.00e-01,1.40e-02,
630,4.60e-01,2.00e-02,
631,5.00e-01,6.00e-03,
632,4.60e-01,1.20e-02,
633,5.00e-01,-2.00e-03,
634,4.60e-01,4.00e-03,
635,5.00e-01,-8.00e-03,
636,4.60e-01,-2.00e-03,
637,5.00e-01,-1.60e-02,
638,4.60e-01,-1.00e-02,
639,4.80e-01,-2.00e-02,
640,4.60e-01,-1.40e-02,
641,4.80e-01,-2.40e-02,
642,4.80e-01,-1.80e-02,
643,4.60e-01,-2.80e-02,
644,4.60e-01,-1.80e-02,
645,5.00e-01,-2.80e-02,
646,4.60e-01,-2.00e-02,
647,5.00e-01,-3.00e-02,
648,4.60e-01,-2.00e-02,
649,5.00e-01,-3.00e-02,
650,4.60e-01,-2.80e-02,
651,5.00e-01,-2.00e-02,
652,4.60e-01,-2.80e-02,
653,5.00e-01,-1.80e-02,
654,4.60e-01,-2.60e-02,
655,4.80e-01,-1.40e-02,
656,4.60e-01,-2.20e-02,
657,5.00e-01,-1.20e-02,
658,4.60e-01,-1.80e-02,
659,5.00e-01,-6.00e-03,
660,4.60e-01,-1.60e-02,
661,5.00e-01,-4.00e-03,
662,4.80e-01,-1.00e-02,
663,4.40e-01,0.00e+00,
664,4.60e-01,-8.00e-03,
665,5.00e-01,4.00e-03,
666,4.60e-01,-2.00e-03,
667,4.80e-01,8.00e-03,
668,4.60e-01,0.00e+00,
669,4.80e-01,1.00e-02,
670,4.60e-01,2.00e-03,
671,5.00e-01,1.20e-02,
672,4.60e-01,6.00e-03,
673,4.80e-01,1.40e-02,
674,4.60e-01,8.00e-03,
675,5.00e-01,1.60e-02,
676,4.80e-01,8.00e-03,
677,4.60e-01,2.00e-02,
678,5.00e-01,1.00e-02,
679,4.40e-01,2.20e-02,
680,4.60e-01,1.00e-02,
681,4.80e-01,2.00e-02,
682,4.80e-01,2.00e-02,
683,4.60e-01,1.00e-02,
684,4.60e-01,1.80e-02,
685,4.80e-01,1.00e-02,
686,5.00e-01,1.80e-02,
687,4.40e-01,8.00e-03,
688,4.60e-01,1.60e-02,
689,4.80e-01,6.00e-03,
690,4.80e-01,1.40e-02,
691,4.60e-01,6.00e-03,
692,4.60e-01,1.20e-02,
693,4.80e-01,2.00e-03,
694,4.60e-01,1.20e-02,
695,4.80e-01,2.00e-03,
696,4.60e-01,1.00e-02,
697,5.00e-01,0.00e+00,
698,5.00e-01,8.00e-03,
699,4.40e-01,-2.00e-03,
700,4.80e-01,6.00e-03,
701,4.40e-01,-2.00e-03,
702,4.60e-01,4.00e-03,
703,4.80e-01,-6.00e-03,
704,4.60e-01,4.00e-03,
705,5.00e-01,-6.00e-03,
706,4.60e-01,2.00e-03,
707,5.00e-01,-6.00e-03,
708,4.60e-01,-6.00e-03,
709,4.80e-01,2.00e-03,
710,5.00e-01,2.00e-03,
711,4.40e-01,-8.00e-03,
712,4.60e-01,-8.00e-03,
713,4.80e-01,0.00e+00,
714,4.80e-01,-8.00e-03,
715,4.40e-01,2.00e-03,
716,4.60e-01,2.00e-03,
717,5.00e-01,-8.00e-03,
718,4.60e-01,-8.00e-03,
719,4.80e-01,2.00e-03,
720,4.60e-01,-8.00e-03,
721,4.80e-01,2.00e-03,
722,4.60e-01,-6.00e-03,
723,5.00e-01,2.00e-03,
724,4.60e-01,-6.00e-03,
725,5.00e-01,4.00e-03,
726,4.80e-01,-6.00e-03,
727,4.40e-01,4.00e-03,
728,4.60e-01,4.00e-03,
729,5.00e-01,-6.00e-03,
730,4.80e-01,4.00e-03,
731,4.40e-01,-4.00e-03,
732,4.60e-01,-4.00e-03,
733,4.80e-01,6.00e-03,
734,4.60e-01,-2.00e-03,
735,4.80e-01,6.00e-03,
736,5.00e-01,-2.00e-03,
737,4.40e-01,6.00e-03,
738,4.80e-01,-2.00e-03,
739,4.60e-01,8.00e-03,
740,4.80e-01,8.00e-03,
741,4.60e-01,-2.00e-03,
742,4.80e-01,8.00e-03,
743,4.40e-01,0.00e+00,
744,4.80e-01,1.00e-02,
745,4.40e-01,-2.00e-03,
746,4.80e-01,0.00e+00,
747,4.60e-01,1.00e-02,
748,4.80e-01,8.00e-03,
749,4.60e-01,0.00e+00,
750,4.80e-01,0.00e+00,
751,4.60e-01,8.00e-03,
752,5.00e-01,8.00e-03,
753,4.40e-01,-2.00e-03,
754,4.80e-01,0.00e+00,
755,4.40e-01,8.00e-03,
756,4.60e-01,0.00e+00,
757,4.80e-01,8.00e-03,
758,4.60e-01,8.00e-03,
759,4.80e-01,-2.00e-03,
760,4.80e-01,0.00e+00,
761,4.60e-01,8.00e-03,
762,5.00e-01,6.00e-03,
763,4.40e-01,-2.00e-03,
764,4.60e-01,6.00e-03,
765,4.80e-01,-4.00e-03,
766,4.80e-01,-2.00e-03,
767,4.40e-01,6.00e-03,
768,4.60e-01,6.00e-03,
769,4.80e-01,-2.00e-03,
770,5.00e-01,6.00e-03,
771,4.40e-01,-4.00e-03,
772,4.80e-01,6.00e-03,
773,4.60e-01,-4.00e-03,
774,4.60e-01,-2.00e-03,
775,4.80e-01,6.00e-03,
776,4.80e-01,-4.00e-03,
777,4.40e-01,6.00e-03,
778,4.80e-01,-4.00e-03,
779,4.40e-01,6.00e-03,
780,5.00e-01,-4.00e-03,
781,4.40e-01,6.00e-03,
782,4.80e-01,-4.00e-03,
783,4.40e-01,6.00e-03,
784,4.80e-01,4.00e-03,
785,4.40e-01,-4.00e-03,
786,4.80e-01,6.00e-03,
787,4.40e-01,-4.00e-03,
788,4.60e-01,-4.00e-03,
789,4.80e-01,6.00e-03,
790,4.60e-01,-4.00e-03,
791,4.80e-01,6.00e-03,
792,4.60e-01,6.00e-03,
793,5.00e-01,-4.00e-03,
794,4.80e-01,-4.00e-03,
795,4.40e-01,6.00e-03,
796,4.80e-01,-2.00e-03,
797,4.40e-01,6.00e-03,
798,4.80e-01,-2.00e-03,
799,4.40e-01,6.00e-03,
800,4.60e-01,6.00e-03,
801,4.80e-01,-4.00e-03,
802,4.80e-01,6.00e-03,
803,4.40e-01,-2.00e-03,
804,4.80e-01,6.00e-03,
805,4.40e-01,-2.00e-03,
806,4.80e-01,-2.00e-03,
807,4.40e-01,6.00e-03,
808,4.80e-01,-2.00e-03,
809,4.40e-01,8.00e-03,
810,4.80e-01,6.00e-03,
811,4.40e-01,-4.00e-03,
812,4.80e-01,6.00e-03,
813,4.40e-01,-2.00e-03,
814,4.60e-01,6.00e-03,
815,4.80e-01,-2.00e-03,
816,4.80e-01,-2.00e-03,
817,4.40e-01,6.00e-03,
818,4.80e-01,6.00e-03,
819,4.40e-01,-2.00e-03,
820,4.80e-01,8.00e-03,
821,4.40e-01,-4.00e-03,
822,4.80e-01,6.00e-03,
823,4.40e-01,-2.00e-03,
824,4.80e-01,6.00e-03,
825,4.40e-01,-2.00e-03,
826,4.60e-01,6.00e-03,
827,4.80e-01,-2.00e-03,
828,4.40e-01,-2.00e-03,
829,4.80e-01,8.00e-03,
830,4.80e-01,6.00e-03,
831,4.40e-01,-4.00e-03,
832,4.80e-01,6.00e-03,
833,4.40e-01,-2.00e-03,
834,5.00e-01,6.00e-03,
835,4.40e-01,-2.00e-03,
836,4.80e-01,6.00e-03,
837,4.40e-01,-2.00e-03,
838,5.00e-01,-2.00e-03,
839,4.40e-01,6.00e-03,
840,4.60e-01,6.00e-03,
841,4.80e-01,-4.00e-03,
842,4.80e-01,6.00e-03,
843,4.40e-01,-2.00e-03,
844,4.80e-01,6.00e-03,
845,4.40e-01,-2.00e-03,
846,4.80e-01,-3.00e-02,
847,-5.60e-01,8.00e-03,
848,-4.60e-01,-4.00e-03,
849,-5.00e-01,-2.40e-02,
850,-5.00e-01,-1.80e-02,
851,-4.60e-01,-4.00e-02,
852,-5.00e-01,-3.20e-02,
853,-4.60e-01,-5.20e-02,
854,-5.00e-01,-4.20e-02,
855,-4.80e-01,-5.80e-02,
856,-5.40e-01,-5.20e-02,
857,-4.80e-01,-6.60e-02,
858,-4.80e-01,-6.00e-02,
859,-5.40e-01,-7.00e-02,
860,-5.00e-01,-6.40e-02,
861,-4.60e-01,-7.20e-02,
862,-4.80e-01,-7.20e-02,
863,-5.20e-01,-6.40e-02,
864,-4.80e-01,-7.20e-02,
865,-5.20e-01,-6.20e-02,
866,-4.80e-01,-7.00e-02,
867,-5.40e-01,-6.00e-02,
868,-5.40e-01,-6.60e-02,
869,-4.80e-01,-5.20e-02,
870,-4.60e-01,-6.00e-02,
871,-5.20e-01,-4.60e-02,
872,-4.80e-01,-5.20e-02,
873,-5.40e-01,-3.80e-02,
874,-4.80e-01,-4.40e-02,
875,-5.40e-01,-3.00e-02,
876,-4.80e-01,-3.60e-02,
877,-5.40e-01,-2.20e-02,
878,-4.80e-01,-2.80e-02,
879,-5.20e-01,-1.40e-02,
880,-5.00e-01,-2.00e-02,
881,-4.80e-01,-4.00e-03,
882,-4.80e-01,-1.40e-02,
883,-5.20e-01,4.00e-03,
884,-4.60e-01,-4.00e-03,
885,-5.40e-01,1.00e-02,
886,-4.80e-01,2.00e-03,
887,-5.20e-01,1.40e-02,
888,-4.80e-01,8.00e-03,
889,-5.20e-01,2.00e-02,
890,-4.80e-01,1.40e-02,
891,-5.20e-01,2.40e-02,
892,-4.80e-01,1.80e-02,
893,-5.20e-01,2.80e-02,
894,-4.80e-01,2.00e-02,
895,-5.00e-01,2.80e-02,
896,-4.60e-01,2.00e-02,
897,-5.20e-01,3.00e-02,
898,-5.00e-01,3.00e-02,
899,-4.80e-01,2.00e-02,
900,-5.00e-01,2.80e-02,
901,-4.80e-01,2.00e-02,
902,-5.00e-01,2.60e-02,
903,-4.80e-01,1.80e-02,
904,-4.80e-01,2.60e-02,
905,-5.20e-01,1.40e-02,
906,-5.00e-01,2.20e-02,
907,-4.80e-01,1.20e-02,
908,-5.00e-01,1.80e-02,
909,-4.60e-01,8.00e-03,
910,-5.00e-01,1.40e-02,
911,-4.80e-01,4.00e-03,
912,-5.00e-01,1.00e-02,
913,-4.60e-01,0.00e+00,
914,-4.60e-01,6.00e-03,
915,-5.20e-01,-4.00e-03,
916,-5.00e-01,4.00e-03,
917,-4.60e-01,-8.00e-03,
918,-5.20e-01,0.00e+00,
919,-4.60e-01,-1.00e-02,
920,-5.00e-01,-2.00e-03,
921,-4.80e-01,-1.20e-02,
922,-4.80e-01,-4.00e-03,
923,-5.40e-01,-1.60e-02,
924,-4.80e-01,-6.00e-03,
925,-5.40e-01,-1.80e-02,
926,-4.60e-01,-1.00e-02,
927,-5.20e-01,-1.80e-02,
928,-4.80e-01,-1.80e-02,
929,-5.40e-01,-1.00e-02,
930,-4.80e-01,-1.00e-02,
931,-5.20e-01,-2.00e-02,
932,-5.00e-01,-1.00e-02,
933,-4.60e-01,-2.00e-02,
934,-5.00e-01,-1.00e-02,
935,-4.80e-01,-2.00e-02,
936,-5.00e-01,-1.80e-02,
937,-4.80e-01,-8.00e-03,
938,-5.00e-01,-1.80e-02,
939,-4.60e-01,-6.00e-03,
940,-5.20e-01,-6.00e-03,
941,-4.60e-01,-1.60e-02,
942,-5.00e-01,-1.40e-02,
943,-4.80e-01,-2.00e-03,
944,-4.60e-01,-1.20e-02,
945,-5.40e-01,0.00e+00,
946,-5.00e-01,-8.00e-03,
947,-4.80e-01,0.00e+00,
948,-5.00e-01,-8.00e-03,
949,-4.60e-01,2.00e-03,
950,-5.00e-01,2.00e-03,
951,-4.60e-01,-6.00e-03,
952,-5.00e-01,-4.00e-03,
953,-4.80e-01,4.00e-03,
954,-5.00e-01,4.00e-03,
955,-4.60e-01,-2.00e-03,
956,-5.00e-01,-2.00e-03,
957,-4.60e-01,8.00e-03,
958,-5.00e-01,-2.00e-03,
959,-4.60e-01,8.00e-03,
960,-5.00e-01,0.00e+00,
961,-4.80e-01,8.00e-03,
962,-5.00e-01,8.00e-03,
963,-4.60e-01,-2.00e-03,
964,-5.00e-01,0.00e+00,
965,-4.60e-01,1.00e-02,
966,-5.00e-01,0.00e+00,
967,-4.60e-01,8.00e-03,
968,-5.00e-01,8.00e-03,
969,-4.60e-01,-2.00e-03,
970,-5.00e-01,8.00e-03,
971,-4.60e-01,-2.00e-03,
972,-4.60e-01,8.00e-03,
973,-5.40e-01,-2.00e-03,
974,-5.00e-01,-2.00e-03,
975,-4.60e-01,6.00e-03,
976,-5.00e-01,6.00e-03,
977,-4.60e-01,-4.00e-03,
978,-5.00e-01,6.00e-03,
979,-4.60e-01,-4.00e-03,
980,-5.00e-01,-4.00e-03,
981,-4.60e-01,6.00e-03,
982,-4.60e-01,4.00e-03,
983,-5.20e-01,-6.00e-03,
984,-4.60e-01,-6.00e-03,
985,-5.20e-01,4.00e-03,
986,-5.00e-01,2.00e-03,
987,-4.80e-01,-6.00e-03,
988,-5.00e-01,-6.00e-03,
989,-4.60e-01,2.00e-03,
990,-5.00e-01,2.00e-03,
991,-4.60e-01,-8.00e-03,
992,-4.60e-01,-8.00e-03,
993,-5.20e-01,2.00e-03,
994,-5.00e-01,0.00e+00,
995,-4.60e-01,-8.00e-03,
996,-5.00e-01,-8.00e-03,
997,-4.60e-01,2.00e-03,
998,-5.00e-01,0.00e+00,
999,-4.60e-01,-8.00e-03,
1000,-5.00e-01,0.00e+00,
1001,-4.60e-01,-8.00e-03,
1002,-5.00e-01,0.00e+00,
1003,-4.60e-01,-8.00e-03,
1004,-5.00e-01,0.00e+00,
1005,-4.60e-01,-8.00e-03,
1006,-4.60e-01,-8.00e-03,
1007,-5.20e-01,2.00e-03,
1008,-5.00e-01,-8.00e-03,
1009,-4.60e-01,4.00e-03,
1010,-5.00e-01,-6.00e-03,
1011,-4.60e-01,2.00e-03,
1012,-5.00e-01,-6.00e-03,
1013,-4.60e-01,2.00e-03,
1014,-5.00e-01,-6.00e-03,
1015,-4.60e-01,2.00e-03,
1016,-5.00e-01,-6.00e-03,
1017,-4.60e-01,4.00e-03,
1018,-5.00e-01,2.00e-03,
1019,-4.60e-01,-6.00e-03,
1020,-5.00e-01,-6.00e-03,
1021,-4.60e-01,4.00e-03,
1022,-5.00e-01,-4.00e-03,
1023,-4.60e-01,4.00e-03,
1024,-5.00e-01,4.00e-03,
1025,-4.60e-01,-6.00e-03,
1026,-5.00e-01,-4.00e-03,
1027,-4.60e-01,4.00e-03,
1028,-4.60e-01,4.00e-03,
1029,-5.00e-01,-4.00e-03,
1030,-5.00e-01,4.00e-03,
1031,-4.60e-01,-4.00e-03,
1032,-5.00e-01,-4.00e-03,
1033,-4.60e-01,4.00e-03,
1034,-4.60e-01,-4.00e-03,
1035,-5.20e-01,4.00e-03,
1036,-5.00e-01,4.00e-03,
1037,-4.60e-01,-6.00e-03,
1038,-5.00e-01,4.00e-03,
1039,-4.60e-01,-4.00e-03,
1040,-4.60e-01,-4.00e-03,
1041,-5.00e-01,4.00e-03,
1042,-5.00e-01,4.00e-03,
1043,-4.60e-01,-6.00e-03,
1044,-5.00e-01,-4.00e-03,
1045,-4.60e-01,4.00e-03,
1046,-5.00e-01,4.00e-03,
1047,-4.60e-01,-6.00e-03,
1048,-5.00e-01,-4.00e-03,
1049,-4.60e-01,4.00e-03,
1050,-5.00e-01,2.00e-03,
1051,-4.60e-01,-6.00e-03,
1052,-5.00e-01,-6.00e-03,
1053,-4.60e-01,4.00e-03,
1054,-5.00e-01,2.00e-03,
1055,-4.60e-01,-6.00e-03,
1056,-5.00e-01,2.00e-03,
1057,-4.60e-01,-6.00e-03,
1058,-4.60e-01,2.00e-03,
1059,-5.00e-01,-6.00e-03,
1060,-5.00e-01,-6.00e-03,
1061,-4.60e-01,4.00e-03,
1062,-5.00e-01,-6.00e-03,
1063,-4.60e-01,4.00e-03,
1064,-4.60e-01,2.00e-03,
1065,-5.00e-01,-6.00e-03,
1066,-5.00e-01,-6.00e-03,
1067,-4.60e-01,4.00e-03,
1068,-5.00e-01,-6.00e-03,
1069,-4.60e-01,4.00e-03,
1070,-5.00e-01,2.00e-03,
1071,-4.60e-01,-6.00e-03,
1072,-5.00e-01,2.00e-03,
1073,-4.60e-01,-6.00e-03,
1074,-5.00e-01,-6.00e-03,
1075,-4.60e-01,4.00e-03,
1076,-4.60e-01,2.00e-03,
1077,-5.00e-01,-6.00e-03,
1078,-5.00e-01,2.00e-03,
1079,-4.60e-01,-6.00e-03,
1080,-4.60e-01,-6.00e-03,
1081,-5.00e-01,4.00e-03,
1082,-5.00e-01,4.00e-03,
1083,-4.60e-01,-6.00e-03,
1084,-5.00e-01,-6.00e-03,
1085,-4.60e-01,4.00e-03,
1086,-5.00e-01,-6.00e-03,
1087,-4.60e-01,4.00e-03,
1088,-5.00e-01,-6.00e-03,
1089,-4.60e-01,4.00e-03,
1090,-5.00e-01,4.00e-03,
1091,-4.60e-01,-6.00e-03,
1092,-5.00e-01,4.00e-03,
1093,-4.60e-01,-6.00e-03,
1094,-5.00e-01,-4.00e-03,
1095,-4.60e-01,4.00e-03,
1096,-5.00e-01,-6.00e-03,
1097,5.20e-01,3.20e-02,
1098,4.80e-01,4.00e-03,
1099,4.40e-01,2.40e-02,
1100,5.00e-01,1.80e-02,
1101,4.40e-01,3.80e-02,
1102,4.60e-01,3.20e-02,
1103,5.00e-01,5.00e-02,
1104,4.60e-01,4.20e-02,
1105,5.00e-01,5.80e-02,
1106,4.60e-01,5.20e-02,
1107,4.80e-01,6.60e-02,
1108,4.60e-01,5.80e-02,
1109,5.00e-01,7.00e-02,
1110,4.60e-01,6.40e-02,
1111,5.00e-01,7.40e-02,
1112,5.00e-01,6.40e-02,
1113,4.60e-01,7.40e-02,
1114,4.60e-01,7.40e-02,
1115,5.00e-01,6.20e-02,
1116,4.60e-01,7.00e-02,
1117,5.00e-01,5.80e-02,
1118,4.60e-01,6.80e-02,
1119,5.00e-01,5.40e-02,
1120,5.00e-01,6.00e-02,
1121,4.60e-01,4.80e-02,
1122,4.60e-01,5.40e-02,
1123,5.00e-01,4.00e-02,
1124,4.60e-01,4.60e-02,
1125,5.00e-01,3.00e-02,
1126,4.60e-01,3.80e-02,
1127,5.00e-01,2.40e-02,
1128,4.60e-01,3.00e-02,
1129,5.00e-01,1.40e-02,
1130,4.60e-01,2.00e-02,
1131,5.00e-01,4.00e-03,
1132,4.80e-01,1.20e-02,
1133,4.60e-01,-2.00e-03,
1134,4.60e-01,4.00e-03,
1135,4.80e-01,-1.00e-02,
1136,4.60e-01,-2.00e-03,
1137,5.00e-01,-1.60e-02,
1138,4.80e-01,-8.00e-03,
1139,4.60e-01,-2.00e-02,
1140,4.60e-01,-1.40e-02,
1141,4.80e-01,-2.40e-02,
1142,4.60e-01,-1.60e-02,
1143,5.00e-01,-2.60e-02,
1144,4.80e-01,-1.80e-02,
1145,4.60e-01,-2.80e-02,
1146,4.60e-01,-2.80e-02,
1147,4.80e-01,-2.00e-02,
1148,4.60e-01,-2.80e-02,
1149,4.80e-01,-2.00e-02,
1150,4.60e-01,-2.80e-02,
1151,5.00e-01,-1.80e-02,
1152,4.60e-01,-2.60e-02,
1153,5.00e-01,-1.60e-02,
1154,4.60e-01,-2.40e-02,
1155,4.80e-01,-1.40e-02,
1156,4.60e-01,-2.20e-02,
1157,5.00e-01,-1.00e-02,
1158,4.60e-01,-1.80e-02,
1159,4.80e-01,-4.00e-03,
1160,4.80e-01,-1.40e-02,
1161,4.60e-01,-2.00e-03,
1162,4.60e-01,-1.00e-02,
1163,5.00e-01,2.00e-03,
1164,4.60e-01,-6.00e-03,
1165,4.80e-01,4.00e-03,
1166,4.60e-01,-4.00e-03,
1167,5.00e-01,8.00e-03,
1168,5.00e-01,0.00e+00,
1169,4.40e-01,1.00e-02,
1170,4.60e-01,2.00e-03,
1171,5.00e-01,1.40e-02,
1172,4.60e-01,6.00e-03,
1173,5.00e-01,1.60e-02,
1174,4.80e-01,8.00e-03,
1175,4.60e-01,1.80e-02,
1176,4.60e-01,1.00e-02,
1177,5.00e-01,2.00e-02,
1178,4.60e-01,1.00e-02,
1179,4.80e-01,2.00e-02,
1180,5.00e-01,2.00e-02,
1181,4.40e-01,1.20e-02,
1182,4.60e-01,1.00e-02,
1183,5.00e-01,2.00e-02,
1184,4.60e-01,2.00e-02,
1185,4.80e-01,1.00e-02,
1186,4.60e-01,1.80e-02,
1187,4.80e-01,8.00e-03,
1188,4.60e-01,1.60e-02,
1189,4.80e-01,8.00e-03,
1190,5.00e-01,1.40e-02,
1191,4.40e-01,6.00e-03,
1192,4.80e-01,6.00e-03,
1193,4.60e-01,1.40e-02,
1194,4.80e-01,4.00e-03,
1195,4.60e-01,1.20e-02,
1196,4.60e-01,1.00e-02,
1197,5.00e-01,2.00e-03,
1198,4.80e-01,8.00e-03,
1199,4.60e-01,0.00e+00,
